372E,14:16
540E,14:23
67,14:23
31,14:26
855,14:27
78,14:29
372E,14:29
78,14:30
67,14:33
67,14:43
32,14:43
67,14:45
372E,14:49
540E,14:54
31,14:54
67,14:56
67,15:02
372E,15:03
855,15:07
78,15:09
78,15:09
67,15:10
32,15:13
372E,15:17
540E,15:18
67,15:22
31,15:24
32,15:25
855,15:30
372E,15:31
67,15:31
277,15:36
32,15:36
540E,15:42
372E,15:47
31,15:48
67,15:48
78,15:51
855,15:57
32,15:57
67,15:59
67,16:02
540E,16:06
372E,16:06
31,16:07
67,16:12
277,16:15
372E,16:16
32,16:17
67,16:22
